column,type,unit,role,description,estimate_code,moe_code
fips,character,,metadata,Five-character county FIPS identifier; leading zeros retained.,,
county_name,character,,metadata,Census county or county-equivalent name.,,
state_fips,character,,metadata,Two-character state FIPS identifier.,,
state_abbreviation,character,,metadata,Two-letter postal abbreviation.,,
state_name,character,,metadata,State name.,,
county_fips,character,,metadata,Three-character within-state county FIPS identifier.,,
easting_m,numeric,metres,metadata,Easting of a point on the county surface after projection to NAD83 / Conus Albers (EPSG:5070); not longitude or latitude.,,
northing_m,numeric,metres,metadata,Northing of a point on the county surface after projection to NAD83 / Conus Albers (EPSG:5070); not longitude or latitude.,,
spatial_fold,integer,1 to 5,metadata,"Saved spatial fold from k-means on standardized projected coordinates; seed 20260907, nstart 100. Fold labels must be reused for the paper analysis.",,
median_household_income_2024,numeric,2024 inflation-adjusted US dollars,response_original,"Original county median household income estimate, before the natural logarithm.",DP03_0062E,DP03_0062M
log_median_household_income_2024,numeric,natural log of dollar value,response,Natural logarithm of median_household_income_2024. Estimate!!INCOME AND BENEFITS (IN 2024 INFLATION-ADJUSTED DOLLARS)!!Total households!!Median household income (dollars),DP03_0062E,DP03_0062M
bachelors_or_higher_pct,numeric,percent,predictor,Percent!!EDUCATIONAL ATTAINMENT!!Population 25 years and over!!Bachelor's degree or higher,DP02_0068PE,DP02_0068PM
disability_pct,numeric,percent,predictor,Percent!!DISABILITY STATUS OF THE CIVILIAN NONINSTITUTIONALIZED POPULATION!!Total Civilian Noninstitutionalized Population!!With a disability,DP02_0072PE,DP02_0072PM
foreign_born_pct,numeric,percent,predictor,Percent!!PLACE OF BIRTH!!Total population!!Foreign-born,DP02_0094PE,DP02_0094PM
limited_english_pct,numeric,percent,predictor,"Percent!!LANGUAGE SPOKEN AT HOME!!Population 5 years and over!!Language other than English!!Speak English less than ""very well""",DP02_0115PE,DP02_0115PM
broadband_subscription_pct,numeric,percent,predictor,Percent!!COMPUTERS AND INTERNET USE!!Total households!!With a broadband Internet subscription,DP02_0154PE,DP02_0154PM
under_18_pct,numeric,percent,predictor,Percent!!SEX AND AGE!!Total population!!Under 18 years,DP05_0019PE,DP05_0019PM
age_65_plus_pct,numeric,percent,predictor,Percent!!SEX AND AGE!!Total population!!65 years and over,DP05_0024PE,DP05_0024PM
hispanic_latino_pct,numeric,percent,predictor,Percent!!HISPANIC OR LATINO AND RACE!!Total population!!Hispanic or Latino (of any race),DP05_0090PE,DP05_0090PM
black_non_hispanic_pct,numeric,percent,predictor,Percent!!HISPANIC OR LATINO AND RACE!!Total population!!Not Hispanic or Latino!!Black or African American alone,DP05_0097PE,DP05_0097PM
labor_force_participation_pct,numeric,percent,predictor,Percent!!EMPLOYMENT STATUS!!Population 16 years and over!!In labor force,DP03_0002PE,DP03_0002PM
unemployment_pct,numeric,percent,predictor,Percent!!EMPLOYMENT STATUS!!Population 16 years and over!!In labor force!!Civilian labor force!!Unemployed,DP03_0005PE,DP03_0005PM
management_business_science_arts_occupation_pct,numeric,percent,predictor,"Percent!!OCCUPATION!!Civilian employed population 16 years and over!!Management, business, science, and arts occupations",DP03_0027PE,DP03_0027PM
service_occupation_pct,numeric,percent,predictor,Percent!!OCCUPATION!!Civilian employed population 16 years and over!!Service occupations,DP03_0028PE,DP03_0028PM
natural_resources_construction_maintenance_occupation_pct,numeric,percent,predictor,"Percent!!OCCUPATION!!Civilian employed population 16 years and over!!Natural resources, construction, and maintenance occupations",DP03_0030PE,DP03_0030PM
production_transport_material_moving_occupation_pct,numeric,percent,predictor,"Percent!!OCCUPATION!!Civilian employed population 16 years and over!!Production, transportation, and material moving occupations",DP03_0031PE,DP03_0031PM
agriculture_forestry_fishing_mining_industry_pct,numeric,percent,predictor,"Percent!!INDUSTRY!!Civilian employed population 16 years and over!!Agriculture, forestry, fishing and hunting, and mining",DP03_0033PE,DP03_0033PM
manufacturing_industry_pct,numeric,percent,predictor,Percent!!INDUSTRY!!Civilian employed population 16 years and over!!Manufacturing,DP03_0035PE,DP03_0035PM
professional_scientific_management_admin_waste_industry_pct,numeric,percent,predictor,"Percent!!INDUSTRY!!Civilian employed population 16 years and over!!Professional, scientific, and management, and administrative and waste management services",DP03_0041PE,DP03_0041PM
self_employed_nonincorporated_pct,numeric,percent,predictor,Percent!!CLASS OF WORKER!!Civilian employed population 16 years and over!!Self-employed in own not incorporated business workers,DP03_0049PE,DP03_0049PM
work_from_home_pct,numeric,percent,predictor,Percent!!COMMUTING TO WORK!!Workers 16 years and over!!Worked from home,DP03_0024PE,DP03_0024PM
mean_commute_minutes,numeric,minutes,predictor,Estimate!!COMMUTING TO WORK!!Workers 16 years and over!!Mean travel time to work (minutes),DP03_0025E,DP03_0025M
vacant_housing_pct,numeric,percent,predictor,Percent!!HOUSING OCCUPANCY!!Total housing units!!Vacant housing units,DP04_0003PE,DP04_0003PM
mobile_home_pct,numeric,percent,predictor,Percent!!UNITS IN STRUCTURE!!Total housing units!!Mobile home,DP04_0014PE,DP04_0014PM
renter_occupied_pct,numeric,percent,predictor,Percent!!HOUSING TENURE!!Occupied housing units!!Renter-occupied,DP04_0047PE,DP04_0047PM
no_vehicle_pct,numeric,percent,predictor,Percent!!VEHICLES AVAILABLE!!Occupied housing units!!No vehicles available,DP04_0058PE,DP04_0058PM
severe_crowding_pct,numeric,percent,predictor,Percent!!OCCUPANTS PER ROOM!!Occupied housing units!!1.51 or more,DP04_0079PE,DP04_0079PM
log_median_household_income_2024__moe90,numeric,2024 inflation-adjusted US dollars,margin_of_error,"Census 90% margin of error for log_median_household_income_2024. Despite the log-response prefix, this is the original income MOE in dollars; it has NOT been log-transformed. Controlled MOE sentinel -555555555 is represented by zero with its companion flag.",DP03_0062E,DP03_0062M
bachelors_or_higher_pct__moe90,numeric,percentage points,margin_of_error,Census 90% margin of error for bachelors_or_higher_pct. Controlled MOE sentinel -555555555 is represented by zero with its companion flag.,DP02_0068PE,DP02_0068PM
disability_pct__moe90,numeric,percentage points,margin_of_error,Census 90% margin of error for disability_pct. Controlled MOE sentinel -555555555 is represented by zero with its companion flag.,DP02_0072PE,DP02_0072PM
foreign_born_pct__moe90,numeric,percentage points,margin_of_error,Census 90% margin of error for foreign_born_pct. Controlled MOE sentinel -555555555 is represented by zero with its companion flag.,DP02_0094PE,DP02_0094PM
limited_english_pct__moe90,numeric,percentage points,margin_of_error,Census 90% margin of error for limited_english_pct. Controlled MOE sentinel -555555555 is represented by zero with its companion flag.,DP02_0115PE,DP02_0115PM
broadband_subscription_pct__moe90,numeric,percentage points,margin_of_error,Census 90% margin of error for broadband_subscription_pct. Controlled MOE sentinel -555555555 is represented by zero with its companion flag.,DP02_0154PE,DP02_0154PM
under_18_pct__moe90,numeric,percentage points,margin_of_error,Census 90% margin of error for under_18_pct. Controlled MOE sentinel -555555555 is represented by zero with its companion flag.,DP05_0019PE,DP05_0019PM
age_65_plus_pct__moe90,numeric,percentage points,margin_of_error,Census 90% margin of error for age_65_plus_pct. Controlled MOE sentinel -555555555 is represented by zero with its companion flag.,DP05_0024PE,DP05_0024PM
hispanic_latino_pct__moe90,numeric,percentage points,margin_of_error,Census 90% margin of error for hispanic_latino_pct. Controlled MOE sentinel -555555555 is represented by zero with its companion flag.,DP05_0090PE,DP05_0090PM
black_non_hispanic_pct__moe90,numeric,percentage points,margin_of_error,Census 90% margin of error for black_non_hispanic_pct. Controlled MOE sentinel -555555555 is represented by zero with its companion flag.,DP05_0097PE,DP05_0097PM
labor_force_participation_pct__moe90,numeric,percentage points,margin_of_error,Census 90% margin of error for labor_force_participation_pct. Controlled MOE sentinel -555555555 is represented by zero with its companion flag.,DP03_0002PE,DP03_0002PM
unemployment_pct__moe90,numeric,percentage points,margin_of_error,Census 90% margin of error for unemployment_pct. Controlled MOE sentinel -555555555 is represented by zero with its companion flag.,DP03_0005PE,DP03_0005PM
management_business_science_arts_occupation_pct__moe90,numeric,percentage points,margin_of_error,Census 90% margin of error for management_business_science_arts_occupation_pct. Controlled MOE sentinel -555555555 is represented by zero with its companion flag.,DP03_0027PE,DP03_0027PM
service_occupation_pct__moe90,numeric,percentage points,margin_of_error,Census 90% margin of error for service_occupation_pct. Controlled MOE sentinel -555555555 is represented by zero with its companion flag.,DP03_0028PE,DP03_0028PM
natural_resources_construction_maintenance_occupation_pct__moe90,numeric,percentage points,margin_of_error,Census 90% margin of error for natural_resources_construction_maintenance_occupation_pct. Controlled MOE sentinel -555555555 is represented by zero with its companion flag.,DP03_0030PE,DP03_0030PM
production_transport_material_moving_occupation_pct__moe90,numeric,percentage points,margin_of_error,Census 90% margin of error for production_transport_material_moving_occupation_pct. Controlled MOE sentinel -555555555 is represented by zero with its companion flag.,DP03_0031PE,DP03_0031PM
agriculture_forestry_fishing_mining_industry_pct__moe90,numeric,percentage points,margin_of_error,Census 90% margin of error for agriculture_forestry_fishing_mining_industry_pct. Controlled MOE sentinel -555555555 is represented by zero with its companion flag.,DP03_0033PE,DP03_0033PM
manufacturing_industry_pct__moe90,numeric,percentage points,margin_of_error,Census 90% margin of error for manufacturing_industry_pct. Controlled MOE sentinel -555555555 is represented by zero with its companion flag.,DP03_0035PE,DP03_0035PM
professional_scientific_management_admin_waste_industry_pct__moe90,numeric,percentage points,margin_of_error,Census 90% margin of error for professional_scientific_management_admin_waste_industry_pct. Controlled MOE sentinel -555555555 is represented by zero with its companion flag.,DP03_0041PE,DP03_0041PM
self_employed_nonincorporated_pct__moe90,numeric,percentage points,margin_of_error,Census 90% margin of error for self_employed_nonincorporated_pct. Controlled MOE sentinel -555555555 is represented by zero with its companion flag.,DP03_0049PE,DP03_0049PM
work_from_home_pct__moe90,numeric,percentage points,margin_of_error,Census 90% margin of error for work_from_home_pct. Controlled MOE sentinel -555555555 is represented by zero with its companion flag.,DP03_0024PE,DP03_0024PM
mean_commute_minutes__moe90,numeric,minutes,margin_of_error,Census 90% margin of error for mean_commute_minutes. Controlled MOE sentinel -555555555 is represented by zero with its companion flag.,DP03_0025E,DP03_0025M
vacant_housing_pct__moe90,numeric,percentage points,margin_of_error,Census 90% margin of error for vacant_housing_pct. Controlled MOE sentinel -555555555 is represented by zero with its companion flag.,DP04_0003PE,DP04_0003PM
mobile_home_pct__moe90,numeric,percentage points,margin_of_error,Census 90% margin of error for mobile_home_pct. Controlled MOE sentinel -555555555 is represented by zero with its companion flag.,DP04_0014PE,DP04_0014PM
renter_occupied_pct__moe90,numeric,percentage points,margin_of_error,Census 90% margin of error for renter_occupied_pct. Controlled MOE sentinel -555555555 is represented by zero with its companion flag.,DP04_0047PE,DP04_0047PM
no_vehicle_pct__moe90,numeric,percentage points,margin_of_error,Census 90% margin of error for no_vehicle_pct. Controlled MOE sentinel -555555555 is represented by zero with its companion flag.,DP04_0058PE,DP04_0058PM
severe_crowding_pct__moe90,numeric,percentage points,margin_of_error,Census 90% margin of error for severe_crowding_pct. Controlled MOE sentinel -555555555 is represented by zero with its companion flag.,DP04_0079PE,DP04_0079PM
log_median_household_income_2024__moe90_controlled,logical,TRUE/FALSE,moe_flag,TRUE when the corresponding Census MOE was a controlled-estimate sentinel (-555555555) and was stored as zero; FALSE otherwise.,DP03_0062E,DP03_0062M
bachelors_or_higher_pct__moe90_controlled,logical,TRUE/FALSE,moe_flag,TRUE when the corresponding Census MOE was a controlled-estimate sentinel (-555555555) and was stored as zero; FALSE otherwise.,DP02_0068PE,DP02_0068PM
disability_pct__moe90_controlled,logical,TRUE/FALSE,moe_flag,TRUE when the corresponding Census MOE was a controlled-estimate sentinel (-555555555) and was stored as zero; FALSE otherwise.,DP02_0072PE,DP02_0072PM
foreign_born_pct__moe90_controlled,logical,TRUE/FALSE,moe_flag,TRUE when the corresponding Census MOE was a controlled-estimate sentinel (-555555555) and was stored as zero; FALSE otherwise.,DP02_0094PE,DP02_0094PM
limited_english_pct__moe90_controlled,logical,TRUE/FALSE,moe_flag,TRUE when the corresponding Census MOE was a controlled-estimate sentinel (-555555555) and was stored as zero; FALSE otherwise.,DP02_0115PE,DP02_0115PM
broadband_subscription_pct__moe90_controlled,logical,TRUE/FALSE,moe_flag,TRUE when the corresponding Census MOE was a controlled-estimate sentinel (-555555555) and was stored as zero; FALSE otherwise.,DP02_0154PE,DP02_0154PM
under_18_pct__moe90_controlled,logical,TRUE/FALSE,moe_flag,TRUE when the corresponding Census MOE was a controlled-estimate sentinel (-555555555) and was stored as zero; FALSE otherwise.,DP05_0019PE,DP05_0019PM
age_65_plus_pct__moe90_controlled,logical,TRUE/FALSE,moe_flag,TRUE when the corresponding Census MOE was a controlled-estimate sentinel (-555555555) and was stored as zero; FALSE otherwise.,DP05_0024PE,DP05_0024PM
hispanic_latino_pct__moe90_controlled,logical,TRUE/FALSE,moe_flag,TRUE when the corresponding Census MOE was a controlled-estimate sentinel (-555555555) and was stored as zero; FALSE otherwise.,DP05_0090PE,DP05_0090PM
black_non_hispanic_pct__moe90_controlled,logical,TRUE/FALSE,moe_flag,TRUE when the corresponding Census MOE was a controlled-estimate sentinel (-555555555) and was stored as zero; FALSE otherwise.,DP05_0097PE,DP05_0097PM
labor_force_participation_pct__moe90_controlled,logical,TRUE/FALSE,moe_flag,TRUE when the corresponding Census MOE was a controlled-estimate sentinel (-555555555) and was stored as zero; FALSE otherwise.,DP03_0002PE,DP03_0002PM
unemployment_pct__moe90_controlled,logical,TRUE/FALSE,moe_flag,TRUE when the corresponding Census MOE was a controlled-estimate sentinel (-555555555) and was stored as zero; FALSE otherwise.,DP03_0005PE,DP03_0005PM
management_business_science_arts_occupation_pct__moe90_controlled,logical,TRUE/FALSE,moe_flag,TRUE when the corresponding Census MOE was a controlled-estimate sentinel (-555555555) and was stored as zero; FALSE otherwise.,DP03_0027PE,DP03_0027PM
service_occupation_pct__moe90_controlled,logical,TRUE/FALSE,moe_flag,TRUE when the corresponding Census MOE was a controlled-estimate sentinel (-555555555) and was stored as zero; FALSE otherwise.,DP03_0028PE,DP03_0028PM
natural_resources_construction_maintenance_occupation_pct__moe90_controlled,logical,TRUE/FALSE,moe_flag,TRUE when the corresponding Census MOE was a controlled-estimate sentinel (-555555555) and was stored as zero; FALSE otherwise.,DP03_0030PE,DP03_0030PM
production_transport_material_moving_occupation_pct__moe90_controlled,logical,TRUE/FALSE,moe_flag,TRUE when the corresponding Census MOE was a controlled-estimate sentinel (-555555555) and was stored as zero; FALSE otherwise.,DP03_0031PE,DP03_0031PM
agriculture_forestry_fishing_mining_industry_pct__moe90_controlled,logical,TRUE/FALSE,moe_flag,TRUE when the corresponding Census MOE was a controlled-estimate sentinel (-555555555) and was stored as zero; FALSE otherwise.,DP03_0033PE,DP03_0033PM
manufacturing_industry_pct__moe90_controlled,logical,TRUE/FALSE,moe_flag,TRUE when the corresponding Census MOE was a controlled-estimate sentinel (-555555555) and was stored as zero; FALSE otherwise.,DP03_0035PE,DP03_0035PM
professional_scientific_management_admin_waste_industry_pct__moe90_controlled,logical,TRUE/FALSE,moe_flag,TRUE when the corresponding Census MOE was a controlled-estimate sentinel (-555555555) and was stored as zero; FALSE otherwise.,DP03_0041PE,DP03_0041PM
self_employed_nonincorporated_pct__moe90_controlled,logical,TRUE/FALSE,moe_flag,TRUE when the corresponding Census MOE was a controlled-estimate sentinel (-555555555) and was stored as zero; FALSE otherwise.,DP03_0049PE,DP03_0049PM
work_from_home_pct__moe90_controlled,logical,TRUE/FALSE,moe_flag,TRUE when the corresponding Census MOE was a controlled-estimate sentinel (-555555555) and was stored as zero; FALSE otherwise.,DP03_0024PE,DP03_0024PM
mean_commute_minutes__moe90_controlled,logical,TRUE/FALSE,moe_flag,TRUE when the corresponding Census MOE was a controlled-estimate sentinel (-555555555) and was stored as zero; FALSE otherwise.,DP03_0025E,DP03_0025M
vacant_housing_pct__moe90_controlled,logical,TRUE/FALSE,moe_flag,TRUE when the corresponding Census MOE was a controlled-estimate sentinel (-555555555) and was stored as zero; FALSE otherwise.,DP04_0003PE,DP04_0003PM
mobile_home_pct__moe90_controlled,logical,TRUE/FALSE,moe_flag,TRUE when the corresponding Census MOE was a controlled-estimate sentinel (-555555555) and was stored as zero; FALSE otherwise.,DP04_0014PE,DP04_0014PM
renter_occupied_pct__moe90_controlled,logical,TRUE/FALSE,moe_flag,TRUE when the corresponding Census MOE was a controlled-estimate sentinel (-555555555) and was stored as zero; FALSE otherwise.,DP04_0047PE,DP04_0047PM
no_vehicle_pct__moe90_controlled,logical,TRUE/FALSE,moe_flag,TRUE when the corresponding Census MOE was a controlled-estimate sentinel (-555555555) and was stored as zero; FALSE otherwise.,DP04_0058PE,DP04_0058PM
severe_crowding_pct__moe90_controlled,logical,TRUE/FALSE,moe_flag,TRUE when the corresponding Census MOE was a controlled-estimate sentinel (-555555555) and was stored as zero; FALSE otherwise.,DP04_0079PE,DP04_0079PM
