"position","role","domain","alias","estimate_code","moe_code","unit","transformation","official_group","official_label","selection_basis"
0,"response","income","log_median_household_income_2024","DP03_0062E","DP03_0062M","2024 inflation-adjusted US dollars","natural_log","DP03","Estimate!!INCOME AND BENEFITS (IN 2024 INFLATION-ADJUSTED DOLLARS)!!Total households!!Median household income (dollars)","Prespecified continuation of the county-income application"
1,"predictor","education","bachelors_or_higher_pct","DP02_0068PE","DP02_0068PM","percent","none","DP02","Percent!!EDUCATIONAL ATTAINMENT!!Population 25 years and over!!Bachelor's degree or higher","Human-capital composition"
2,"predictor","health","disability_pct","DP02_0072PE","DP02_0072PM","percent","none","DP02","Percent!!DISABILITY STATUS OF THE CIVILIAN NONINSTITUTIONALIZED POPULATION!!Total Civilian Noninstitutionalized Population!!With a disability","Labour-market access and population needs"
3,"predictor","nativity","foreign_born_pct","DP02_0094PE","DP02_0094PM","percent","none","DP02","Percent!!PLACE OF BIRTH!!Total population!!Foreign-born","Population composition"
4,"predictor","language","limited_english_pct","DP02_0115PE","DP02_0115PM","percent","none","DP02","Percent!!LANGUAGE SPOKEN AT HOME!!Population 5 years and over!!Language other than English!!Speak English less than ""very well""","Labour-market access and population composition"
5,"predictor","digital_access","broadband_subscription_pct","DP02_0154PE","DP02_0154PM","percent","none","DP02","Percent!!COMPUTERS AND INTERNET USE!!Total households!!With a broadband Internet subscription","Digital access"
6,"predictor","age","under_18_pct","DP05_0019PE","DP05_0019PM","percent","none","DP05","Percent!!SEX AND AGE!!Total population!!Under 18 years","Age composition"
7,"predictor","age","age_65_plus_pct","DP05_0024PE","DP05_0024PM","percent","none","DP05","Percent!!SEX AND AGE!!Total population!!65 years and over","Age composition"
8,"predictor","ethnicity","hispanic_latino_pct","DP05_0090PE","DP05_0090PM","percent","none","DP05","Percent!!HISPANIC OR LATINO AND RACE!!Total population!!Hispanic or Latino (of any race)","Population composition; descriptive not causal"
9,"predictor","race","black_non_hispanic_pct","DP05_0097PE","DP05_0097PM","percent","none","DP05","Percent!!HISPANIC OR LATINO AND RACE!!Total population!!Not Hispanic or Latino!!Black or African American alone","Population composition; descriptive not causal"
10,"predictor","employment","labor_force_participation_pct","DP03_0002PE","DP03_0002PM","percent","none","DP03","Percent!!EMPLOYMENT STATUS!!Population 16 years and over!!In labor force","Labour-market participation"
11,"predictor","employment","unemployment_pct","DP03_0005PE","DP03_0005PM","percent","none","DP03","Percent!!EMPLOYMENT STATUS!!Population 16 years and over!!In labor force!!Civilian labor force!!Unemployed","Labour-market slack"
12,"predictor","occupation","management_business_science_arts_occupation_pct","DP03_0027PE","DP03_0027PM","percent","none","DP03","Percent!!OCCUPATION!!Civilian employed population 16 years and over!!Management, business, science, and arts occupations","Occupational composition"
13,"predictor","occupation","service_occupation_pct","DP03_0028PE","DP03_0028PM","percent","none","DP03","Percent!!OCCUPATION!!Civilian employed population 16 years and over!!Service occupations","Occupational composition"
14,"predictor","occupation","natural_resources_construction_maintenance_occupation_pct","DP03_0030PE","DP03_0030PM","percent","none","DP03","Percent!!OCCUPATION!!Civilian employed population 16 years and over!!Natural resources, construction, and maintenance occupations","Occupational composition"
15,"predictor","occupation","production_transport_material_moving_occupation_pct","DP03_0031PE","DP03_0031PM","percent","none","DP03","Percent!!OCCUPATION!!Civilian employed population 16 years and over!!Production, transportation, and material moving occupations","Occupational composition"
16,"predictor","industry","agriculture_forestry_fishing_mining_industry_pct","DP03_0033PE","DP03_0033PM","percent","none","DP03","Percent!!INDUSTRY!!Civilian employed population 16 years and over!!Agriculture, forestry, fishing and hunting, and mining","Industrial composition"
17,"predictor","industry","manufacturing_industry_pct","DP03_0035PE","DP03_0035PM","percent","none","DP03","Percent!!INDUSTRY!!Civilian employed population 16 years and over!!Manufacturing","Industrial composition"
18,"predictor","industry","professional_scientific_management_admin_waste_industry_pct","DP03_0041PE","DP03_0041PM","percent","none","DP03","Percent!!INDUSTRY!!Civilian employed population 16 years and over!!Professional, scientific, and management, and administrative and waste management services","Industrial composition"
19,"predictor","class_of_worker","self_employed_nonincorporated_pct","DP03_0049PE","DP03_0049PM","percent","none","DP03","Percent!!CLASS OF WORKER!!Civilian employed population 16 years and over!!Self-employed in own not incorporated business workers","Employment structure"
20,"predictor","commuting","work_from_home_pct","DP03_0024PE","DP03_0024PM","percent","none","DP03","Percent!!COMMUTING TO WORK!!Workers 16 years and over!!Worked from home","Work-location structure"
21,"predictor","commuting","mean_commute_minutes","DP03_0025E","DP03_0025M","minutes","none","DP03","Estimate!!COMMUTING TO WORK!!Workers 16 years and over!!Mean travel time to work (minutes)","Spatial access to employment"
22,"predictor","housing","vacant_housing_pct","DP04_0003PE","DP04_0003PM","percent","none","DP04","Percent!!HOUSING OCCUPANCY!!Total housing units!!Vacant housing units","Housing-market structure"
23,"predictor","housing","mobile_home_pct","DP04_0014PE","DP04_0014PM","percent","none","DP04","Percent!!UNITS IN STRUCTURE!!Total housing units!!Mobile home","Housing-stock structure"
24,"predictor","housing","renter_occupied_pct","DP04_0047PE","DP04_0047PM","percent","none","DP04","Percent!!HOUSING TENURE!!Occupied housing units!!Renter-occupied","Housing tenure"
25,"predictor","transport_access","no_vehicle_pct","DP04_0058PE","DP04_0058PM","percent","none","DP04","Percent!!VEHICLES AVAILABLE!!Occupied housing units!!No vehicles available","Transport access"
26,"predictor","housing","severe_crowding_pct","DP04_0079PE","DP04_0079PM","percent","none","DP04","Percent!!OCCUPANTS PER ROOM!!Occupied housing units!!1.51 or more","Housing crowding"

