"field","value"
"schema","gwrs-resumable-simulation-v1"
"study","gwr-penalized-selection-paper-v2"
"scope","paper-level-spatial-cv-selection-and-prediction"
"mode","production"
"design_version","penalized-selection-v2"
"package_version","0.4.0"
"n","10000"
"p","100"
"k","1000"
"task_count","1900"
"method_fit_count","15200"
"methods","gwr,ridge,lasso,elastic_net,scad,mcp,oracle_union_gwr,oracle_local_gwr"
"selection_methods","lasso,elastic_net,scad,mcp"
"master_seed","20260826"
"kernel","gaussian"
"n_folds","5"
"n_lambda","30"
"lambda_min_ratio","0.001"
"ridge_lambda","100,62.1016941891562,38.5662042116347,23.9502661998749,14.8735210729351,9.23670857187386,5.73615251044868,3.56224789026244,2.21221629107045,1.37382379588326,0.853167852417281,0.529831690628371,0.329034456231267,0.204335971785694,0.126896100316792,0.0788046281566991,0.0489390091847749,0.030391953823132,0.018873918221351,0.0117210229753348,0.00727895384398315,0.00452035365636024,0.00280721620394118,0.00174332882219999,0.00108263673387405,0.000672335753649934,0.00041753189365604,0.000259294379740467,0.000161026202756094,1e-04"
"ridge_lambda_definition","10^seq(2,-4,length.out=n_lambda)"
"en_alpha","0.5"
"scad_gamma","3.7"
"mcp_gamma","3"
"k_definition","max(2(p+1),ceil(.025n)); max(4(p+1),ceil(.05n)); max(8(p+1),ceil(.10n))"
"bandwidth_selection","common GWR RMSE on spatial folds"
"model_bandwidth_rule","all eight methods use the common GWR-CV selected k"
"predictor_process","AR(1) cross-correlation followed by a sparse row-standardized 8-nearest-neighbor SAR filter"
"predictor_cross_rho_values","0,0.7"
"predictor_spatial_rho_values","0,0.7"
"spatial_graph_neighbors","8"
"support_truth","explicit location-by-predictor logical masks"
"target_grid_definition","32x32 midpoint grid; restricted to the L-shaped domain when applicable"
"intercept_definition","0.7+0.25*cos(2*pi*east)-0.20*sin(2*pi*north) in every scenario"
"snr_definition","var(signal)/var(noise); sigma=sd(signal)/sqrt(SNR)"
"response_evaluation","independent same-location response plus independent fixed-grid new-location response and noise-free signal"
"oracle_scope","global-union and location-specific true supports; simulation only"
"selection_metric_scope","pooled location-by-predictor support"
"primary_prediction_metric","new_location_signal_rmse"
"primary_estimation_metric","active_coefficient_rmse"
"primary_selection_metric","mcc"
"selection_tolerance","1e-08"
"truth_tolerance","1e-12"
"solver_tolerance","1e-07"
"max_iterations","2000"
"n_threads","56"
"grain_size","16"
"fit_keep_data_during_prediction","TRUE"
"keep_task_data","FALSE"
