"province_code","year","population","net_migration_rate","schooling_years","fertility_rate","province_name","nuts3"
"01",2025,2283609,-2.75,9.4,1.55,"ADANA","TR621"
"02",2025,617821,1.01,8.9,1.91,"ADIYAMAN","TRC12"
"03",2025,751808,-2.17,8.8,1.43,"AFYONKARAHİSAR","TR332"
"04",2025,491489,-26.99,7.6,2.05,"AĞRI","TRA21"
"05",2025,342242,-1.93,9.1,1.26,"AMASYA","TR834"
"06",2025,5910320,5.29,10.9,1.11,"ANKARA","TR510"
"07",2025,2777677,10.27,10,1.2,"ANTALYA","TR611"
"08",2025,167531,-9.5,9.5,1.23,"ARTVİN","TR905"
"09",2025,1172107,4.08,9.3,1.31,"AYDIN","TR321"
"10",2025,1284517,7.18,9.3,1.25,"BALIKESİR","TR221"
"11",2025,228995,0.52,9.5,1.27,"BİLECİK","TR413"
"12",2025,282299,-9.03,9.2,1.52,"BİNGÖL","TRB13"
"13",2025,360423,-10.99,8.7,2.05,"BİTLİS","TRB23"
"14",2025,327173,4.41,9.4,1.22,"BOLU","TR424"
"15",2025,277226,-3.32,9.2,1.31,"BURDUR","TR613"
"16",2025,3263011,3.29,9.7,1.32,"BURSA","TR411"
"17",2025,573976,7.82,9.6,1.17,"ÇANAKKALE","TR222"
"18",2025,200549,3.71,8.8,1.28,"ÇANKIRI","TR822"
"19",2025,519590,-3.1,8.5,1.22,"ÇORUM","TR833"
"20",2025,1060975,-0.58,9.4,1.25,"DENİZLİ","TR322"
"21",2025,1852356,-3.59,8.6,2.14,"DİYARBAKIR","TRC22"
"22",2025,422438,2.09,9.2,1.12,"EDİRNE","TR212"
"23",2025,605678,-1.67,9.3,1.35,"ELAZIĞ","TRB12"
"24",2025,239625,-6.46,9.4,1.3,"ERZİNCAN","TRA12"
"25",2025,736877,-13.63,9,1.49,"ERZURUM","TRA11"
"26",2025,927956,6.55,10.2,1.11,"ESKİŞEHİR","TR412"
"27",2025,2222415,3.21,9,2,"GAZİANTEP","TRC11"
"28",2025,455074,-0.72,8.7,1.14,"GİRESUN","TR903"
"29",2025,138807,-23.1,9,1.14,"GÜMÜŞHANE","TR906"
"30",2025,279681,-11.92,9.6,1.71,"HAKKARİ","TRB24"
"31",2025,1577531,4.04,8.8,1.81,"HATAY","TR631"
"32",2025,445303,-2.78,9.7,1.22,"ISPARTA","TR612"
"33",2025,1956428,2.58,9.4,1.42,"MERSİN","TR622"
"34",2025,15754053,-2.62,10.3,1.14,"İSTANBUL","TR100"
"35",2025,4504185,1.63,10,1.1,"İZMİR","TR310"
"36",2025,268991,-16.5,8.6,1.59,"KARS","TRA22"
"37",2025,379934,-1.93,8.3,1.28,"KASTAMONU","TR821"
"38",2025,1458991,0.66,9.6,1.38,"KAYSERI","TR721"
"39",2025,379595,2.68,9.5,1.15,"KIRKLARELİ","TR213"
"40",2025,242777,-4.82,9.3,1.22,"KIRŞEHİR","TR715"
"41",2025,2161171,7,10.1,1.39,"KOCAELİ","TR421"
"42",2025,2343409,-0.44,9.2,1.53,"KONYA","TR521"
"43",2025,570478,-0.8,8.9,1.13,"KÜTAHYA","TR333"
"44",2025,755854,4.09,9.3,1.4,"MALATYA","TRB11"
"45",2025,1477756,-1.53,8.8,1.41,"MANİSA","TR331"
"46",2025,1146278,3.02,8.8,1.7,"KAHRAMANMARAŞ","TR632"
"47",2025,903576,-4.2,8.4,2.23,"MARDİN","TRC31"
"48",2025,1099547,10.95,10,1.21,"MUĞLA","TR323"
"49",2025,389127,-17.66,8.2,2.01,"MUŞ","TRB22"
"50",2025,320150,3.29,9.2,1.32,"NEVSEHİR","TR714"
"51",2025,374492,-0.92,8.9,1.47,"NİĞDE","TR713"
"52",2025,768087,-2.78,8.5,1.25,"ORDU","TR902"
"53",2025,346947,-2.67,9.4,1.28,"RİZE","TR904"
"54",2025,1123693,7.06,9.5,1.41,"SAKARYA","TR422"
"55",2025,1392403,4.15,9.1,1.24,"SAMSUN","TR831"
"56",2025,332369,-19.37,8.6,2.11,"SİİRT","TRC34"
"57",2025,225848,-1.46,8.4,1.25,"SİNOP","TR823"
"58",2025,631401,-10.8,9,1.24,"SİVAS","TR722"
"59",2025,1208441,11.02,9.6,1.37,"TEKİRDAĞ","TR211"
"60",2025,614141,0.94,8.6,1.22,"TOKAT","TR832"
"61",2025,823323,-0.49,9.5,1.28,"TRABZON","TR901"
"62",2025,85083,-17.24,9.6,1.23,"TUNCELİ","TRB14"
"63",2025,2265800,-6.87,7.8,3.15,"ŞANLIURFA","TRC21"
"64",2025,374405,-2.42,9,1.17,"UŞAK","TR334"
"65",2025,1112013,-18.04,8.3,1.87,"VAN","TRB21"
"66",2025,413208,-3.31,8.5,1.23,"YOZGAT","TR723"
"67",2025,585203,-1.69,8.8,1.11,"ZONGULDAK","TR811"
"68",2025,441136,-1.52,8.7,1.49,"AKSARAY","TR712"
"69",2025,82836,-15.86,9.2,1.19,"BAYBURT","TRA13"
"70",2025,262355,-5.67,9.2,1.33,"KARAMAN","TR522"
"71",2025,282830,-1.97,9.6,1.14,"KIRIKKALE","TR711"
"72",2025,662626,-0.15,9.1,2,"BATMAN","TRC32"
"73",2025,573666,-9.88,8.8,2.53,"ŞIRNAK","TRC33"
"74",2025,206663,0.55,8.5,1.09,"BARTIN","TR813"
"75",2025,90392,-11.02,8.5,1.39,"ARDAHAN","TRA24"
"76",2025,205071,-11.54,8.5,1.61,"IĞDIR","TRA23"
"77",2025,311635,20.48,10,1.36,"YALOVA","TR425"
"78",2025,249614,-3.95,9.3,1.14,"KARABÜK","TR812"
"79",2025,157363,-8.59,9.5,1.84,"KİLİS","TRC13"
"80",2025,564123,-0.42,9.4,1.71,"OSMANİYE","TR633"
"81",2025,415622,4.72,9.3,1.36,"DÜZCE","TR423"
